<?xml version="1.0"?>
<dock-layout><layout name="__default__"><dock name="__dock_1" floating="no" width="-1" height="-1" floatx="0" floaty="0"><paned orientation="horizontal" locked="yes" position="277"><notebook orientation="vertical" locked="yes" page="0"><item name="AnjutaFileManager" orientation="vertical" locked="yes"/><item name="AnjutaProjectManager" orientation="vertical" locked="yes"/><item name="AnjutaSymbolDB" orientation="vertical" locked="yes"/></notebook><paned orientation="vertical" locked="yes" position="556"><notebook orientation="vertical" locked="yes" page="0"><item name="AnjutaDocumentManager" orientation="vertical" locked="yes"/><item name="AnjutaTodoPlugin" orientation="vertical" locked="yes"/></notebook><item name="AnjutaTerminal" orientation="vertical" locked="yes"/></paned></paned></dock></layout></dock-layout>
